{"cameraMode":{"drawMode":0,"name":"Shaded","section":"Shading Mode"},"sceneLighting":false,"audioPlay":false,"sceneViewState":{"showFog":true,"showMaterialUpdate":false,"showSkybox":false,"showFlares":true,"showImageEffects":true,"showParticleSystems":true},"in2DMode":false,"pivot":{"x":0.5291097164154053,"y":-0.2623453140258789,"z":-4.967491626739502},"rotation":{"x":-0.006812298204749823,"y":-0.9809941053390503,"z":0.1910133957862854,"w":-0.03471897169947624},"size":10.070206642150879,"orthographic":false}