{"cameraMode":{"drawMode":0,"name":"Shaded","section":"Shading Mode"},"sceneLighting":false,"audioPlay":false,"sceneViewState":{"showFog":true,"showMaterialUpdate":false,"showSkybox":false,"showFlares":true,"showImageEffects":true,"showParticleSystems":true},"in2DMode":false,"pivot":{"x":-0.2232208251953125,"y":1.1119561195373536,"z":9.148031234741211},"rotation":{"x":-0.5015389323234558,"y":-0.4976491332054138,"z":0.5214634537696838,"w":-0.4785386919975281},"size":82.47332763671875,"orthographic":false}